{"stats":{"minecraft:killed_by":{"minecraft:creeper":1,"minecraft:spider":1,"tilingodxmc_mod:abundancia":7,"minecraft:enderman":1},"minecraft:custom":{"minecraft:time_since_rest":2364,"minecraft:sprint_one_cm":131427,"minecraft:walk_one_cm":44606,"minecraft:damage_taken":95076,"minecraft:damage_absorbed":388,"minecraft:damage_blocked_by_shield":330,"minecraft:mob_kills":8,"minecraft:drop":29,"minecraft:damage_dealt":3878,"minecraft:fly_one_cm":460659,"minecraft:crouch_one_cm":3632,"minecraft:play_time":114503,"minecraft:deaths":24,"minecraft:sneak_time":1656,"minecraft:jump":792,"minecraft:leave_game":3,"minecraft:walk_on_water_one_cm":5551,"minecraft:time_since_death":2360,"minecraft:total_world_time":114503,"minecraft:damage_resisted":132,"minecraft:fall_one_cm":14481},"minecraft:used":{"tilingodxmc_mod:infundida_armor_chestplate":1,"tilingodxmc_mod:infundida_armor_helmet":1,"tilingodxmc_mod:armadura_onirica_leggings":1,"tilingodxmc_mod:abundancia_spawn_egg":1,"minecraft:birch_planks":1,"minecraft:grass_block":1,"minecraft:stone_button":6,"minecraft:iron_helmet":1,"minecraft:shield":3,"minecraft:chainmail_helmet":1,"minecraft:iron_sword":43,"minecraft:iron_boots":1,"tilingodxmc_mod:explo":10,"minecraft:totem_of_undying":2,"tilingodxmc_mod:armadura_onirica_boots":1,"minecraft:iron_chestplate":1,"minecraft:golden_apple":4,"tilingodxmc_mod:infundida_armor_leggings":1,"minecraft:diamond_sword":8,"tilingodxmc_mod:madera_imaginada":5,"minecraft:cooked_porkchop":3,"tilingodxmc_mod:infundida_armor_boots":1,"tilingodxmc_mod:armadura_onirica_helmet":1,"tilingodxmc_mod:armadura_onirica_chestplate":1,"minecraft:enchanted_golden_apple":1,"minecraft:iron_leggings":1},"minecraft:dropped":{"minecraft:gunpowder":1,"minecraft:iron_helmet":3,"minecraft:string":1,"minecraft:totem_of_undying":24},"minecraft:mined":{"tilingodxmc_mod:dream_leaves":3},"minecraft:picked_up":{"minecraft:iron_chestplate":1,"tilingodxmc_mod:dream_leaves":3,"minecraft:cooked_porkchop":64,"minecraft:amethyst_cluster":2,"minecraft:birch_planks":65,"minecraft:shield":1,"minecraft:gunpowder":1,"minecraft:string":1,"minecraft:dirt":138,"minecraft:iron_leggings":1,"minecraft:bone":2,"minecraft:arrow":1,"tilingodxmc_mod:indundidor_de_diamante":2,"minecraft:diamond":64,"minecraft:iron_helmet":2,"minecraft:golden_apple":64,"minecraft:totem_of_undying":36,"minecraft:enchanted_golden_apple":64,"minecraft:iron_sword":1,"minecraft:iron_boots":1},"minecraft:killed":{"tilingodxmc_mod:abundancia":3,"minecraft:stray":1,"minecraft:spider":1,"minecraft:creeper":2}},"DataVersion":2975}